<beans xmlns="http://www.springframework.org/schema/beans"
  xmlns:xsi="http://www.w3.org/2001/XMLSchema-instance" 
  xmlns:mvc="http://www.springframework.org/schema/mvc"
  xmlns:context="http://www.springframework.org/schema/context"
  xmlns:tx="http://www.springframework.org/schema/tx"
  xsi:schemaLocation="http://www.springframework.org/schema/beans 
  http://www.springframework.org/schema/beans/spring-beans-4.3.xsd 
  http://www.springframework.org/schema/mvc 
  http://www.springframework.org/schema/mvc/spring-mvc-4.3.xsd 
  http://www.springframework.org/schema/context 
  http://www.springframework.org/schema/context/spring-context-4.3.xsd">
	<!-- 配置包扫描器，扫描@Controller注解的类 -->
	<context:component-scan base-package="com.controller" /> 
	<!-- 加载注解驱动 -->
	<mvc:annotation-driven />
	<!-- 配置视图解析器 -->
	<bean class=
    "org.springframework.web.servlet.view.InternalResourceViewResolver">
		<property name="prefix" value="/WEB-INF/jsp/" />
		<property name="suffix" value=".jsp" />
	</bean>
	<!-- 配置文件上传解析器 MultipartResolver -->
	<bean id="multipartResolver" class=
   "org.springframework.web.multipart.commons.CommonsMultipartResolver">
          <!-- 设置请求编码格式-->
          <property name="defaultEncoding" value="UTF-8" />
	</bean>
	<!-- 配置拦截器 -->
	<mvc:interceptors>
    	<mvc:interceptor>
        	<mvc:mapping path="/**" />
        	<bean class="com.intercepor.LoginInterceptor" />
    	</mvc:interceptor>
	</mvc:interceptors>
</beans>
