<?xml version="1.0" encoding="UTF-8"?>
<!DOCTYPE mapper PUBLIC "-//mybatis.org//DTD Mapper 3.0//EN"
    "http://mybatis.org/dtd/mybatis-3-mapper.dtd">
<mapper namespace="com.dao.DancerDao">
	<!-- 删除 -->
	<delete id="deleteDancer" parameterType="Integer">
	    delete from dancer where id=#{id}
	</delete>
	<!-- 更新 -->
	<update id="updateDancerByid" parameterType="dancer">
		update dancer set 
		dancerName=#{dancerName},dancerPassword=#{dancerPassword},type=#{type},age=#{age},sex=#{sex}
		where id=#{id}
	</update>
	<!-- 通过模态框更新 -->
	<update id="updateDancermodal" parameterType="dancer">
		update dancer set 
		dancerName=#{dancerName},dancerPassword=#{dancerPassword},type=#{type},age=#{age},sex=#{sex}
		where id=#{id}
	</update>
	
	<!-- 查询舞者信息 -->
	<select id="findDancerByid" parameterType="Integer" resultType="dancer">
		select * from dancer where id= #{id}
	</select>
	
	<!-- 增加舞者信息 -->
	<insert	id="addDancer" parameterType="dancer">
		insert into dancer(id,dancerName,dancerPassword,type,age,sex)
		values(#{id},#{dancerName},#{dancerPassword},#{type},#{age},#{sex})
	</insert>
	<!--通过模态框增加舞者信息  -->
	<insert	id="addDancermodal" parameterType="dancer">
		insert into dancer(id,dancerName,dancerPassword,type,age,sex)
		values(#{id},#{dancerName},#{dancerPassword},#{type},#{age},#{sex})
	</insert>

	<!-- 查询所有信息 -->
	<select id="findall" resultType="dancer">
		select * from dancer 
	</select>
	
	<!-- 通过舞者id更新图片 -->
    <update id="save" parameterType="dancer">
		update dancer set picture=#{picture} where id=#{id}
	</update>
	
	
	<!--SQL片段  -->
    <sql id="selectDancerListWhere">
        <where>
	       <if test="dancerName != null" >
	           dancerName like "%"#{dancerName}"%"
	       </if>
	       <if test="dancerPassword != null" >
	        and dancerPassword = #{dancerPassword}
	       </if>
	       <if test="type != null" >
	        and type = #{type}
	       </if>
	       <if test="sex != null" >
	        and sex = #{sex}
	       </if>
        </where>
    </sql>
	<!-- 查询所有信息列表 -->
	<select id="selectDancerList" parameterType="dancer" resultType="dancer">
		select * from dancer 
		<include refid="selectDancerListWhere"/>
		<!-- 执行分页查询 -->
		<if test="start !=null and rows != null">
			limit #{start},#{rows}
		</if>
	</select>
	
	<!-- 查询信息条数 -->
	<select id="selectDancerListCount" parameterType="dancer" resultType="Integer"	>
		select count(*) from dancer 
		<include refid="selectDancerListWhere"/>
	</select>
	
</mapper>
